freq,tra_cov,nst07,typpack,unit,geo\TIME_PERIOD	2007 	2008 	2009 	2010 	2011 	2012 	2013 	2014 	2015 	2016 	2017 	2018 	2019 	2020 	2021 	2022 
A,TOTAL,GT01,TOTAL,THS_T,AT	: 	1227 	1584 	1785 	1642 	1768 	2080 	1829 	1591 	1729 	1667 	1244 	2029 	1847 	1446 	1221 
A,TOTAL,GT01,TOTAL,THS_T,BE	6554 	6383 	5841 	7777 	8321 	9971 	10606 	10247 	9977 	10068 	11244 	6269 b	5907 	5245 	6494 	6023 
A,TOTAL,GT01,TOTAL,THS_T,BG	: 	1360 	4264 	5032 	3428 	5170 	5202 	6756 	7068 	7079 	6248 	5780 	7359 	9356 	8241 	4301 
A,TOTAL,GT01,TOTAL,THS_T,CZ	: 	185 	339 	184 	116 	166 	95 	108 	64 	44 	23 	10 	17 	91 	77 	16 
A,TOTAL,GT01,TOTAL,THS_T,DE	15417 	16076 	15363 	16015 	14922 	16324 	17202 	16901 	16243 	15359 	14856 	12914 	13359 	14796 	14410 	13361 
A,TOTAL,GT01,TOTAL,THS_T,EU15	: 	25420 	25306 	28337 	28586 	29404 	31822 	33057 	32043 	30587 	29337 	26767 	28738 	: 	: 	: 
A,TOTAL,GT01,TOTAL,THS_T,EU25	: 	26567 	26838 	29954 	29141 	30719 	32689 	34115 	34220 	32038 	30712 	27382 	29388 	: 	: 	: 
A,TOTAL,GT01,TOTAL,THS_T,EU27_2007	: 	28793 	29959 	33980 	32912 	35018 	38467 	41807 	40753 	39721 	37748 	34870 	38478 	: 	: 	: 
A,TOTAL,GT01,TOTAL,THS_T,EU27_2020	: 	28672 	29895 	33918 	32876 	34994 	38445 	41767 	40714 	39723 	37744 	34509 	38463 	39529 	38617 	37617 
A,TOTAL,GT01,TOTAL,THS_T,EU28	: 	28791 	29963 	33978 	32902 	35017 	38467 	41811 	40757 	39725 	37748 	34870 	38474 	: 	: 	: 
A,TOTAL,GT01,TOTAL,THS_T,FI	472 	335 	253 	303 	340 	471 	476 	509 	503 	412 	: 	: 	527 	512 	579 	721 
A,TOTAL,GT01,TOTAL,THS_T,FR	10677 	11876 	12313 	13256 	12042 	12126 	12703 	13184 	13662 	11684 	10875 	12316 	13583 	12167 	10849 	11867 
A,TOTAL,GT01,TOTAL,THS_T,HR	: 	1188 	1674 	1834 	783 	1421 	1153 	1311 	2360 	1610 	1608 	822 	1123 	2334 	1674 	740 
A,TOTAL,GT01,TOTAL,THS_T,HU	2293 	2050 	2961 	3171 	1836 	2749 	2292 	2410 	3084 	2474 	2587 	1558 	2376 	3381 	2374 	1367 
A,TOTAL,GT01,TOTAL,THS_T,IT	336 	198 	269 	269 	310 	107 	291 	105 	20 	25 	22 	20 	21 	56 	67 	66 
A,TOTAL,GT01,TOTAL,THS_T,LU	2617 	2896 	2757 	3186 	2782 	2738 	3019 	3138 	2999 	2379 	2320 	2507 	2897 	2409 	2234 	2388 
A,TOTAL,GT01,TOTAL,THS_T,NL	8535 	8826 	8115 	10196 	10131 	10754 	10959 	11803 	10849 	11019 	11037 	10367 	10105 	9934 	9573 	9661 
A,TOTAL,GT01,TOTAL,THS_T,PL	93 	71 	70 	81 	50 	48 	74 	56 	66 	109 	52 	79 	55 	38 	55 	65 
A,TOTAL,GT01,TOTAL,THS_T,RO	: 	3280 	4870 	5946 	4658 	5788 	6775 	8678 	8699 	9169 	8329 	7928 	9586 	9847 	10590 	9840 
A,TOTAL,GT01,TOTAL,THS_T,SE	: 	: 	: 	: 	: 	: 	: 	: 	: 	: 	: 	: 	: 	: 	8 d	11 
A,TOTAL,GT01,TOTAL,THS_T,SK	: 	62 	64 	84 	137 	195 	185 	220 	367 	421 	214 	137 	161 	284 	254 	174 
A,TOTAL,GT01,TOTAL,THS_T,UK	144 	119 	67 	60 	26 	23 	22 	45 	43 	2 	4 	361 	11 	: 	: 	: 
A,TOTAL,GT02,TOTAL,THS_T,AT	: 	292 	358 	128 	160 	274 	49 	191 	176 	85 	267 	97 	54 	25 	3 	13 
A,TOTAL,GT02,TOTAL,THS_T,BE	11347 	11312 	6492 	8635 	9239 	8967 	8009 	6242 	5790 	5407 	5422 	1515 b	1976 	2257 	2237 	3003 
A,TOTAL,GT02,TOTAL,THS_T,BG	: 	2327 	2369 	2677 	2257 	2133 	2129 	1923 	1752 	1169 	1347 	977 	1084 	663 	825 	810 
A,TOTAL,GT02,TOTAL,THS_T,CZ	: 	: 	2 	0 n	1 	: 	: 	7 	2 	5 	: 	: 	: 	0 n	10 	: 
A,TOTAL,GT02,TOTAL,THS_T,DE	35178 	33783 	27746 	34295 	33500 	34123 	37553 	35502 	34745 	34114 	30787 	26221 	23315 	16874 	22945 	25698 
A,TOTAL,GT02,TOTAL,THS_T,EU15	: 	49048 	39529 	46661 	45506 	45581 	48678 	45762 	44041 	40740 	38911 	31532 	27561 	: 	: 	: 
A,TOTAL,GT02,TOTAL,THS_T,EU25	: 	50500 	40821 	48034 	46508 	46527 	49618 	46792 	45071 	41512 	40004 	32622 	28735 	: 	: 	: 
A,TOTAL,GT02,TOTAL,THS_T,EU27_2007	: 	56484 	43094 	49287 	47886 	47810 	50907 	48127 	46476 	42447 	41157 	33660 	29366 	: 	: 	: 
A,TOTAL,GT02,TOTAL,THS_T,EU27_2020	: 	56680 	43292 	49507 	48006 	47904 	51019 	48247 	46529 	42543 	41215 	33783 	29463 	21885 	29167 	31898 
A,TOTAL,GT02,TOTAL,THS_T,EU28	: 	56680 	43292 	49507 	48006 	47904 	51019 	48247 	46529 	42543 	41246 	33783 	29463 	: 	: 	: 
A,TOTAL,GT02,TOTAL,THS_T,FR	6835 	7401 	6492 	6980 	5073 	5120 	5625 	4159 	2952 	1652 	3197 	2371 	1330 	835 	788 	1092 
A,TOTAL,GT02,TOTAL,THS_T,HR	: 	748 	864 	1039 	885 	912 	970 	648 	794 	592 	639 	584 	739 	591 	550 	610 
A,TOTAL,GT02,TOTAL,THS_T,HU	192 	613 	680 	818 	765 	827 	858 	528 	736 	484 	518 	456 	564 	419 	479 	412 
A,TOTAL,GT02,TOTAL,THS_T,IT	: 	58 	50 	0 	0 	0 	0 	0 	0 	0 	0 	0 n	0 	62 	72 	66 
A,TOTAL,GT02,TOTAL,THS_T,LU	3344 	3409 	2514 	3231 	2394 	2484 	2754 	1770 	750 	542 	595 	403 	386 	287 	474 	784 
A,TOTAL,GT02,TOTAL,THS_T,NL	35493 	34610 	29037 	33881 	27791 	34103 	39800 	36702 	31244 	28936 	27442 	26350 	22967 	18481 	25390 	30088 
A,TOTAL,GT02,TOTAL,THS_T,PL	1727 	2205 	1369 	923 	954 	693 	573 	1043 	928 	820 	914 	646 	477 	580 	487 	155 
A,TOTAL,GT02,TOTAL,THS_T,RO	: 	4777 	3343 	3034 	2659 	2374 	2473 	2251 	2358 	1532 	1648 	1423 	1299 	1238 	1808 	1377 
A,TOTAL,GT02,TOTAL,THS_T,SE	: 	: 	: 	: 	: 	: 	: 	: 	: 	: 	314 d	: 	: 	: 	: 	98 
A,TOTAL,GT02,TOTAL,THS_T,SK	: 	149 	304 	421 	148 	149 	58 	10 	: 	80 	89 	62 	198 	100 	83 	396 
A,TOTAL,GT02,TOTAL,THS_T,UK	: 	: 	: 	: 	: 	: 	: 	: 	: 	: 	32 	: 	: 	: 	: 	: 
A,TOTAL,GT03,TOTAL,THS_T,AT	: 	3934 	3074 	4002 	3377 	4014 	3609 	3416 	3104 	3255 	3339 	2471 	2731 	3087 	3245 	2241 
A,TOTAL,GT03,TOTAL,THS_T,BE	41892 	42602 	34493 	39960 	42757 	44900 	42440 	42722 	43113 	43723 	46175 	31058 b	31035 	29364 	31029 	29975 
A,TOTAL,GT03,TOTAL,THS_T,BG	: 	4895 	6858 	6105 	4998 	5643 	5800 	4439 	4671 	4626 	4607 	4288 	4946 	3792 	3602 	3208 
A,TOTAL,GT03,TOTAL,THS_T,CZ	: 	403 	282 	397 	513 	434 	226 	490 	609 	616 	365 	273 	571 	236 	190 	236 
A,TOTAL,GT03,TOTAL,THS_T,DE	71372 	71419 	53081 	60120 	59109 	55582 	54884 	56452 	55058 	54865 	57066 	51967 	54802 	49399 	51081 	46930 
A,TOTAL,GT03,TOTAL,THS_T,EU15	: 	163454 	139722 	158419 	164128 	153205 	149015 	151527 	149517 	152754 	156018 	147244 	139660 	: 	: 	: 
A,TOTAL,GT03,TOTAL,THS_T,EU25	: 	166885 	141761 	160362 	166343 	154984 	151120 	156762 	153464 	155524 	158335 	149272 	141997 	: 	: 	: 
A,TOTAL,GT03,TOTAL,THS_T,EU27_2007	: 	185885 	150202 	174989 	181118 	168967 	163087 	167681 	166162 	167441 	169451 	160953 	155329 	: 	: 	: 
A,TOTAL,GT03,TOTAL,THS_T,EU27_2020	: 	183841 	148266 	173725 	179253 	167442 	161444 	166402 	164849 	167202 	168667 	159922 	155547 	148561 	150708 	134435 
A,TOTAL,GT03,TOTAL,THS_T,EU28	: 	186004 	150257 	175019 	181174 	169097 	163114 	167734 	166209 	167673 	169602 	160988 	155547 	: 	: 	: 
A,TOTAL,GT03,TOTAL,THS_T,FR	28745 	26943 	24121 	24452 	24089 	24001 	22759 	21355 	19848 	23704 	23897 	23299 	26742 	23155 	24534 	20718 
A,TOTAL,GT03,TOTAL,THS_T,HR	: 	2103 	1490 	1866 	1455 	1674 	1416 	1250 	1128 	1483 	1466 	1441 	1981 	1552 	1663 	1193 
A,TOTAL,GT03,TOTAL,THS_T,HU	1803 	2150 	1534 	1985 	1430 	1595 	1425 	1555 	1278 	1442 	1562 	1571 	1842 	1351 	1415 	1048 
A,TOTAL,GT03,TOTAL,THS_T,IT	32 	27 	44 	812 	716 	186 	159 	123 	72 	72 	35 	12 	13 	0 n	13 	0 
A,TOTAL,GT03,TOTAL,THS_T,LT	125 	145 	74 	98 	95 	89 	36 	47 	68 	52 	15 	13 	11 	9 	147 	303 
A,TOTAL,GT03,TOTAL,THS_T,LU	1383 	1329 	198 	836 	603 	157 	271 	232 	128 	647 	682 	550 	660 	524 	599 	519 
A,TOTAL,GT03,TOTAL,THS_T,NL	110361 	113284 	87693 	113011 	114539 	101331 	98606 	101067 	101704 	101715 	103139 	102919 	89369 	88539 	88487 	83768 
A,TOTAL,GT03,TOTAL,THS_T,PL	3187 	2564 	1465 	1149 	1531 	1294 	1892 	4406 	3095 	1821 	1623 	1165 	1210 	1174 	1064 	345 
A,TOTAL,GT03,TOTAL,THS_T,RO	: 	16818 	11333 	17336 	16726 	15502 	13512 	12517 	14539 	14093 	13676 	14498 	16016 	13228 	12969 	10172 
A,TOTAL,GT03,TOTAL,THS_T,SE	: 	: 	: 	: 	: 	: 	: 	: 	: 	: 	6 d	: 	: 	: 	1845 d	1349 
A,TOTAL,GT03,TOTAL,THS_T,SK	: 	1076 	1223 	2018 	1792 	1651 	1417 	1525 	1139 	1226 	1392 	931 	780 	972 	1063 	1212 
A,TOTAL,GT03,TOTAL,THS_T,UK	1593 	2163 	1991 	1294 	1921 	1655 	1670 	1333 	1360 	471 	934 	1065 	0 	: 	: 	: 
A,TOTAL,GT04,TOTAL,THS_T,AT	: 	592 	520 	478 	388 	433 	397 	418 	373 	344 	408 	273 	287 	268 	326 	322 
A,TOTAL,GT04,TOTAL,THS_T,BE	4331 	3659 	3204 	4064 	4349 	5269 	5784 	5616 	5376 	4999 	5082 	3550 b	3951 	3818 	3667 	4119 
A,TOTAL,GT04,TOTAL,THS_T,BG	: 	182 	176 	170 	221 	167 	221 	106 	197 	204 	132 	105 	124 	161 	112 	168 
A,TOTAL,GT04,TOTAL,THS_T,CZ	: 	15 	7 	73 	62 	45 	20 	9 	3 	4 	2 	1 	: 	0 n	1 	: 
A,TOTAL,GT04,TOTAL,THS_T,DE	11156 	11084 	10938 	11205 	8861 	9239 	9088 	9684 	9274 	9017 	8475 	7554 	8121 	8521 	7817 	7175 
A,TOTAL,GT04,TOTAL,THS_T,EU15	: 	21853 	19590 	21078 	19372 	22466 	22695 	22854 	22767 	21437 	21374 	19753 	20488 	: 	: 	: 
A,TOTAL,GT04,TOTAL,THS_T,EU25	: 	21754 	19564 	21159 	19443 	22471 	22686 	22872 	22868 	21653 	21524 	19869 	20615 	: 	: 	: 
A,TOTAL,GT04,TOTAL,THS_T,EU27_2007	: 	21872 	19666 	21294 	19618 	22597 	22853 	22917 	22932 	21699 	21597 	19951 	20688 	: 	: 	: 
A,TOTAL,GT04,TOTAL,THS_T,EU27_2020	: 	21686 	19438 	21012 	19248 	22091 	22598 	22820 	22602 	21354 	21228 	19868 	20666 	20728 	20008 	19675 
A,TOTAL,GT04,TOTAL,THS_T,EU28	: 	21886 	19672 	21300 	19633 	22599 	22864 	22918 	22933 	21700 	21597 	19952 	20687 	: 	: 	: 
A,TOTAL,GT04,TOTAL,THS_T,FR	1550 	1442 	1524 	1578 	1454 	1558 	1644 	1483 	1465 	1383 	1380 	1259 	1292 	1220 	1224 	1221 
A,TOTAL,GT04,TOTAL,THS_T,HR	: 	89 	115 	78 	119 	73 	142 	146 	223 	312 	233 	173 	201 	173 	132 	117 
A,TOTAL,GT04,TOTAL,THS_T,HU	224 	240 	220 	208 	185 	134 	131 	246 	300 	441 	320 	224 	292 	310 	269 	251 
A,TOTAL,GT04,TOTAL,THS_T,IT	: 	: 	: 	: 	: 	0 	0 	0 	0 	0 	0 	0 	0 	0 	0 	0 
A,TOTAL,GT04,TOTAL,THS_T,LT	: 	: 	: 	: 	: 	: 	: 	: 	: 	: 	: 	: 	2 	: 	: 	: 
A,TOTAL,GT04,TOTAL,THS_T,LU	26 	262 	498 	542 	559 	498 	543 	692 	854 	77 	67 	77 	100 	102 	79 	77 
A,TOTAL,GT04,TOTAL,THS_T,NL	16845 	17753 	14854 	15272 	14518 	18887 	19759 	19284 	18591 	17968 	18356 	18838 	18845 	19534 	19552 	18755 
A,TOTAL,GT04,TOTAL,THS_T,PL	44 	15 	6 	1 	2 	9 	2 	: 	18 	20 	23 	25 	11 	: 	: 	: 
A,TOTAL,GT04,TOTAL,THS_T,RO	: 	23 	41 	37 	81 	84 	160 	209 	296 	290 	239 	193 	204 	228 	235 	751 
A,TOTAL,GT04,TOTAL,THS_T,SK	: 	24 	7 	2 	1 	: 	1 	: 	11 	9 	: 	: 	: 	: 	: 	: 
A,TOTAL,GT04,TOTAL,THS_T,UK	195 	199 	234 	287 	385 	508 	266 	98 	331 	346 	369 	84 	21 	: 	: 	: 
A,TOTAL,GT05,TOTAL,THS_T,BE	3 	9 	12 	82 	88 	88 	86 	122 	95 	98 	72 	41 b	58 	26 	99 	112 
A,TOTAL,GT05,TOTAL,THS_T,BG	: 	: 	: 	: 	: 	: 	: 	: 	: 	8 	: 	: 	0 n	: 	: 	: 
A,TOTAL,GT05,TOTAL,THS_T,DE	75 	63 	40 	50 	19 	18 	21 	23 	77 	95 	108 	116 	112 	120 	108 	126 
A,TOTAL,GT05,TOTAL,THS_T,EU15	: 	302 	384 	634 	616 	503 	402 	476 	548 	740 	574 	477 	517 	: 	: 	: 
A,TOTAL,GT05,TOTAL,THS_T,EU25	: 	302 	384 	634 	616 	503 	402 	476 	548 	740 	574 	477 	517 	: 	: 	: 
A,TOTAL,GT05,TOTAL,THS_T,EU27_2007	: 	304 	383 	634 	616 	503 	402 	476 	548 	740 	574 	477 	517 	: 	: 	: 
A,TOTAL,GT05,TOTAL,THS_T,EU27_2020	: 	304 	383 	634 	616 	503 	402 	476 	548 	740 	574 	477 	517 	403 	443 	533 
A,TOTAL,GT05,TOTAL,THS_T,EU28	: 	304 	383 	634 	616 	503 	402 	476 	548 	740 	574 	477 	517 	: 	: 	: 
A,TOTAL,GT05,TOTAL,THS_T,FR	: 	212 	343 	503 	509 	421 	275 	329 	372 	523 	395 	271 	333 	281 	232 	244 
A,TOTAL,GT05,TOTAL,THS_T,HR	: 	: 	3 	: 	: 	1 	: 	: 	: 	0 n	: 	1 	: 	: 	: 	: 
A,TOTAL,GT05,TOTAL,THS_T,HU	: 	: 	5 	: 	: 	1 	: 	: 	: 	0 n	: 	1 	: 	: 	: 	: 
A,TOTAL,GT05,TOTAL,THS_T,IT	: 	: 	: 	: 	: 	0 	0 	0 	0 	0 	0 	0 	0 	0 	0 	0 
A,TOTAL,GT05,TOTAL,THS_T,LU	: 	8 	20 	30 	20 	53 	55 	44 	31 	: 	: 	: 	: 	: 	: 	: 
A,TOTAL,GT05,TOTAL,THS_T,NL	134 	154 	69 	112 	144 	149 	167 	177 	121 	123 	93 	162 	153 	81 	284 	381 
A,TOTAL,GT05,TOTAL,THS_T,PL	9 	: 	: 	: 	: 	: 	: 	: 	: 	: 	: 	: 	: 	: 	: 	: 
A,TOTAL,GT05,TOTAL,THS_T,RO	: 	2 	: 	: 	: 	: 	: 	: 	: 	8 	: 	: 	0 n	: 	: 	: 
A,TOTAL,GT06,TOTAL,THS_T,AT	: 	20 	: 	14 	9 	18 	23 	16 	12 	35 	37 	28 	26 	29 	19 	10 
A,TOTAL,GT06,TOTAL,THS_T,BE	1181 	1075 	1220 	1677 	1794 	1297 	1330 	1293 	1164 	1238 	1272 	483 b	486 	599 	612 	673 
A,TOTAL,GT06,TOTAL,THS_T,BG	: 	45 	24 	21 	45 	37 	29 	46 	20 	6 	3 	3 	32 	18 	25 	26 
A,TOTAL,GT06,TOTAL,THS_T,CZ	: 	9 	9 	26 	40 	42 	34 	7 	9 	3 	0 n	: 	: 	: 	: 	: 
A,TOTAL,GT06,TOTAL,THS_T,DE	4809 	4003 	3406 	3733 	3252 	3524 	3467 	3367 	3068 	3050 	2939 	2717 	2916 	2811 	3033 	2511 
A,TOTAL,GT06,TOTAL,THS_T,EU15	: 	5269 	4753 	5717 	5235 	4791 	4712 	4452 	3895 	3931 	3930 	2874 	2876 	: 	: 	: 
A,TOTAL,GT06,TOTAL,THS_T,EU25	: 	5308 	4759 	5739 	5273 	4836 	4745 	4468 	3907 	3944 	3944 	2877 	2882 	: 	: 	: 
A,TOTAL,GT06,TOTAL,THS_T,EU27_2007	: 	5418 	4799 	5772 	5331 	4917 	4812 	4512 	3931 	3946 	3949 	2871 	2892 	: 	: 	: 
A,TOTAL,GT06,TOTAL,THS_T,EU27_2020	: 	5408 	4799 	5772 	5254 	4901 	4733 	4358 	3854 	3863 	3872 	2846 	2899 	3081 	5076 	4940 
A,TOTAL,GT06,TOTAL,THS_T,EU28	: 	5418 	4799 	5772 	5329 	4913 	4809 	4512 	3929 	3946 	3949 	2874 	2899 	: 	: 	: 
A,TOTAL,GT06,TOTAL,THS_T,FR	1195 	761 	524 	621 	518 	419 	465 	386 	396 	707 	400 	337 	290 	249 	327 	373 
A,TOTAL,GT06,TOTAL,THS_T,HR	: 	10 	7 	38 	84 	47 	95 	83 	20 	24 	28 	27 	26 	11 	1 	4 
A,TOTAL,GT06,TOTAL,THS_T,HU	23 	15 	9 	41 	86 	52 	101 	93 	26 	35 	38 	32 	30 	27 	17 	12 
A,TOTAL,GT06,TOTAL,THS_T,IT	: 	: 	0 n	0 n	1 	0 n	2 	0 n	1 	1 	0 	0 n	0 n	0 	0 n	1 
A,TOTAL,GT06,TOTAL,THS_T,LU	20 	6 	3 	11 	2 	: 	2 	8 	2 	4 	5 	8 	10 	25 	21 	21 
A,TOTAL,GT06,TOTAL,THS_T,NL	4073 	3974 	3346 	4330 	3887 	3498 	3431 	3142 	3049 	3002 	3099 	2692 	2557 	2622 	4414 	4462 
A,TOTAL,GT06,TOTAL,THS_T,PL	88 	82 	36 	50 	20 	14 	15 	14 	7 	1 	: 	0 n	4 	24 	13 	: 
A,TOTAL,GT06,TOTAL,THS_T,RO	: 	120 	54 	52 	62 	103 	126 	83 	21 	10 	16 	1 	37 	18 	28 	51 
A,TOTAL,GT06,TOTAL,THS_T,SE	: 	: 	: 	: 	: 	: 	: 	: 	: 	: 	: 	: 	: 	: 	2 d	15 
A,TOTAL,GT06,TOTAL,THS_T,SK	: 	1 	4 	: 	: 	: 	1 	: 	: 	1 	7 	: 	: 	: 	: 	: 
A,TOTAL,GT06,TOTAL,THS_T,UK	8 	10 	: 	0 	75 	12 	76 	155 	75 	83 	78 	28 	0 	: 	: 	: 
A,TOTAL,GT07,TOTAL,THS_T,AT	: 	2325 	1924 	2241 	2018 	2117 	2172 	1903 	1298 	1369 	1387 	1307 	1392 	1231 	1210 	816 
A,TOTAL,GT07,TOTAL,THS_T,BE	12117 	12899 	13272 	15566 	16656 	16949 	15541 	14546 	13654 	13967 	13271 	6264 b	6272 	6697 	6287 	7196 
A,TOTAL,GT07,TOTAL,THS_T,BG	: 	570 	1434 	1639 	863 	733 	691 	1024 	980 	1027 	1038 	1201 	1136 	1092 	1111 	852 
A,TOTAL,GT07,TOTAL,THS_T,CZ	: 	1 	3 	: 	: 	: 	: 	: 	: 	: 	: 	: 	: 	: 	: 	: 
A,TOTAL,GT07,TOTAL,THS_T,DE	36550 	37945 	34348 	35933 	35841 	38009 	38658 	37578 	37261 	37328 	37986 	32885 	38093 	34101 	34099 	32720 
A,TOTAL,GT07,TOTAL,THS_T,EU15	: 	86860 	80973 	86061 	87137 	87835 	83668 	78308 	79491 	83048 	81584 	70439 	75572 	: 	: 	: 
A,TOTAL,GT07,TOTAL,THS_T,EU25	: 	87160 	81407 	87194 	87466 	88126 	84123 	78945 	80161 	84341 	82571 	71605 	76832 	: 	: 	: 
A,TOTAL,GT07,TOTAL,THS_T,EU27_2007	: 	88236 	82798 	88217 	88295 	88817 	84606 	79763 	81122 	85533 	83703 	72765 	78281 	: 	: 	: 
A,TOTAL,GT07,TOTAL,THS_T,EU27_2020	: 	87753 	82463 	87787 	87903 	88391 	84430 	79024 	80991 	85403 	83650 	72699 	78009 	71838 	74508 	71070 
A,TOTAL,GT07,TOTAL,THS_T,EU28	: 	88254 	82806 	88216 	88290 	88818 	84608 	79764 	81145 	85546 	83709 	72778 	78279 	: 	: 	: 
A,TOTAL,GT07,TOTAL,THS_T,FR	9538 	8095 	8391 	9017 	8116 	8739 	8339 	7193 	8053 	7749 	6533 	5006 	5394 	4594 	4042 	4132 
A,TOTAL,GT07,TOTAL,THS_T,HR	: 	394 	385 	722 	387 	441 	574 	691 	738 	810 	686 	651 	759 	666 	881 	588 
A,TOTAL,GT07,TOTAL,THS_T,HU	1400 	1550 	1179 	1850 	1069 	1113 	1164 	1389 	1169 	1420 	1440 	1441 	1621 	1451 	1696 	1199 
A,TOTAL,GT07,TOTAL,THS_T,IT	152 	79 	10 	29 	68 	86 	46 	30 	15 	17 	25 	25 	26 	92 	107 	86 
A,TOTAL,GT07,TOTAL,THS_T,LT	0 n	0 n	0 n	0 n	: 	: 	: 	: 	: 	: 	: 	: 	: 	: 	: 	: 
A,TOTAL,GT07,TOTAL,THS_T,LU	396 	547 	491 	508 	504 	515 	352 	382 	355 	445 	399 	408 	413 	300 	343 	341 
A,TOTAL,GT07,TOTAL,THS_T,NL	76982 	69998 	65642 	70724 	71780 	70789 	66321 	62423 	64367 	67824 	66056 	60738 	66816 	62709 	67405 	62388 
A,TOTAL,GT07,TOTAL,THS_T,PL	14 	17 	20 	18 	6 	: 	1 	: 	42 	585 	315 	566 	661 	451 	230 	221 
A,TOTAL,GT07,TOTAL,THS_T,RO	: 	822 	2010 	2345 	1419 	1030 	865 	1309 	1383 	1590 	1542 	1651 	1731 	1498 	1705 	1972 
A,TOTAL,GT07,TOTAL,THS_T,SE	: 	: 	: 	: 	: 	: 	: 	: 	: 	: 	: 	: 	: 	: 	138 d	792 
A,TOTAL,GT07,TOTAL,THS_T,SK	: 	1022 	1120 	1564 	868 	733 	745 	153 	96 	25 	19 	: 	140 	106 	278 	1 
A,TOTAL,GT07,TOTAL,THS_T,UK	670 	501 	343 	429 	387 	427 	179 	740 	154 	142 	59 	79 	270 	: 	: 	: 
A,TOTAL,GT08,TOTAL,THS_T,AT	: 	945 	781 	1077 	1143 	1110 	989 	1054 	947 	969 	895 	526 	842 	761 	865 	679 
A,TOTAL,GT08,TOTAL,THS_T,BE	10690 	9819 	9509 	20156 	21567 	15665 	16621 	16146 	16006 	16736 	17939 	10230 b	11451 	11770 	12177 	11973 
A,TOTAL,GT08,TOTAL,THS_T,BG	: 	262 	795 	1460 	1231 	1252 	1272 	1550 	1077 	1512 	1495 	1462 	1979 	2157 	2156 	1766 
A,TOTAL,GT08,TOTAL,THS_T,CZ	: 	57 	75 	97 	100 	83 	118 	54 	54 	43 	25 	36 	69 	29 	35 	18 
A,TOTAL,GT08,TOTAL,THS_T,DE	22752 	21975 	18014 	21157 	22421 	22957 	22575 	23374 	21948 	23029 	23547 	20786 	21844 	21165 	21347 	17976 
A,TOTAL,GT08,TOTAL,THS_T,EU15	: 	37704 	32741 	43938 	45825 	43809 	47578 	51457 	49806 	52104 	55363 	48338 	52847 	: 	: 	: 
A,TOTAL,GT08,TOTAL,THS_T,EU25	: 	37888 	32777 	44053 	46060 	43962 	47843 	51710 	50027 	52413 	55714 	48686 	53229 	: 	: 	: 
A,TOTAL,GT08,TOTAL,THS_T,EU27_2007	: 	38594 	33273 	45079 	46817 	44630 	48580 	52821 	50696 	53623 	56816 	49827 	54795 	: 	: 	: 
A,TOTAL,GT08,TOTAL,THS_T,EU27_2020	: 	38652 	33311 	45163 	46905 	44694 	48614 	52869 	50746 	53641 	56839 	49862 	54829 	54089 	56029 	55352 
A,TOTAL,GT08,TOTAL,THS_T,EU28	: 	38652 	33311 	45163 	46905 	44694 	48614 	52869 	50746 	53641 	56839 	49862 	54829 	: 	: 	: 
A,TOTAL,GT08,TOTAL,THS_T,FR	4011 	4305 	3748 	3760 	3086 	3432 	4033 	4304 	4032 	3931 	3781 	3411 	3735 	3246 	4237 	3657 
A,TOTAL,GT08,TOTAL,THS_T,HR	: 	395 	219 	477 	570 	696 	683 	643 	681 	599 	711 	648 	797 	836 	797 	519 
A,TOTAL,GT08,TOTAL,THS_T,HU	492 	548 	374 	689 	640 	731 	698 	756 	673 	812 	909 	676 	921 	951 	845 	689 
A,TOTAL,GT08,TOTAL,THS_T,IT	140 	: 	34 	52 	41 	29 	179 	110 	62 	70 	82 	91 	73 	178 	178 	165 
A,TOTAL,GT08,TOTAL,THS_T,LU	304 	280 	209 	309 	269 	313 	244 	330 	253 	452 	376 	373 	448 	494 	436 	309 
A,TOTAL,GT08,TOTAL,THS_T,NL	30812 	28859 	24932 	28511 	28742 	34934 	40413 	47218 	46614 	49123 	51260 	51276 	56920 	55498 	58139 	59526 
A,TOTAL,GT08,TOTAL,THS_T,PL	587 	344 	107 	199 	177 	126 	87 	89 	148 	162 	127 	110 	40 	48 	46 	34 
A,TOTAL,GT08,TOTAL,THS_T,RO	: 	905 	826 	1577 	1248 	1292 	1318 	1583 	1178 	1767 	1605 	1766 	2365 	2574 	2390 	2063 
A,TOTAL,GT08,TOTAL,THS_T,SE	: 	: 	: 	: 	: 	: 	: 	: 	: 	: 	: 	: 	: 	: 	: 	55 
A,TOTAL,GT08,TOTAL,THS_T,SK	: 	185 	252 	334 	382 	368 	315 	192 	171 	165 	134 	118 	128 	98 	85 	61 
A,TOTAL,GT08,TOTAL,THS_T,UK	10 	: 	: 	: 	: 	: 	: 	: 	: 	: 	: 	: 	: 	: 	: 	: 
A,TOTAL,GT09,TOTAL,THS_T,AT	: 	42 	20 	35 	56 	18 	24 	40 	28 	12 	92 	36 	14 	6 	1 	1 
A,TOTAL,GT09,TOTAL,THS_T,BE	7851 	8780 	6216 	6867 	7347 	8754 	8419 	9161 	8697 	9127 	9426 	5946 b	6425 	6483 	6966 	7991 
A,TOTAL,GT09,TOTAL,THS_T,BG	: 	211 	168 	118 	109 	184 	158 	107 	67 	84 	73 	124 	141 	171 	205 	104 
A,TOTAL,GT09,TOTAL,THS_T,CZ	: 	5 	5 	1 	1 	1 	1 	: 	: 	: 	: 	: 	5 	: 	0 n	: 
A,TOTAL,GT09,TOTAL,THS_T,DE	5469 	5230 	4492 	4743 	3235 	3116 	3296 	3182 	2947 	3056 	3443 	3289 	3245 	3025 	2764 	2379 
A,TOTAL,GT09,TOTAL,THS_T,EU15	: 	14746 	11498 	12111 	11316 	12221 	11530 	12828 	11875 	11921 	12553 	10209 	10771 	: 	: 	: 
A,TOTAL,GT09,TOTAL,THS_T,EU25	: 	14836 	11578 	12206 	11405 	12342 	11652 	12955 	11941 	11975 	12605 	10263 	10828 	: 	: 	: 
A,TOTAL,GT09,TOTAL,THS_T,EU27_2007	: 	16012 	11901 	12327 	11489 	12670 	11797 	13001 	12011 	11973 	12637 	10346 	10872 	: 	: 	: 
A,TOTAL,GT09,TOTAL,THS_T,EU27_2020	: 	16013 	11901 	12327 	11490 	12672 	11804 	13040 	12033 	11982 	12646 	10346 	10871 	10912 	10973 	10648 
A,TOTAL,GT09,TOTAL,THS_T,EU28	: 	16013 	11901 	12327 	11490 	12672 	11804 	13040 	12033 	11982 	12646 	10346 	10871 	: 	: 	: 
A,TOTAL,GT09,TOTAL,THS_T,FR	936 	1426 	1159 	1225 	1260 	1292 	915 	942 	846 	711 	769 	798 	905 	975 	1035 	567 
A,TOTAL,GT09,TOTAL,THS_T,HR	: 	271 	58 	51 	29 	47 	40 	73 	46 	39 	21 	39 	44 	24 	57 	36 
A,TOTAL,GT09,TOTAL,THS_T,HU	115 	119 	11 	40 	38 	41 	54 	36 	26 	29 	12 	15 	26 	6 	29 	13 
A,TOTAL,GT09,TOTAL,THS_T,IT	: 	73 	0 	1 	0 	0 	0 	1 	0 	0 	0 	0 	0 	0 	0 	0 
A,TOTAL,GT09,TOTAL,THS_T,LU	37 	6 	2 	: 	3 	: 	: 	: 	46 	53 	31 	69 	50 	53 	120 	23 
A,TOTAL,GT09,TOTAL,THS_T,NL	5159 	4835 	4091 	4971 	4617 	4141 	4229 	5907 	5330 	4932 	4940 	5015 	5140 	4820 	4971 	4512 
A,TOTAL,GT09,TOTAL,THS_T,PL	49 	62 	5 	5 	17 	26 	32 	66 	45 	17 	41 	31 	20 	17 	9 	25 
A,TOTAL,GT09,TOTAL,THS_T,RO	: 	1255 	399 	203 	149 	406 	216 	88 	100 	48 	43 	138 	169 	280 	314 	220 
A,TOTAL,GT09,TOTAL,THS_T,SE	: 	: 	: 	: 	: 	: 	: 	: 	: 	: 	4 d	: 	: 	: 	39 d	47 
A,TOTAL,GT09,TOTAL,THS_T,SK	: 	84 	72 	77 	75 	74 	56 	62 	19 	36 	15 	31 	34 	28 	21 	13 
A,TOTAL,GT10,TOTAL,THS_T,AT	: 	1498 	760 	961 	881 	739 	1113 	1045 	910 	1122 	1326 	1089 	1003 	860 	1041 	981 
A,TOTAL,GT10,TOTAL,THS_T,BE	11422 	8636 	5264 	9964 	10662 	12080 	12163 	12353 	12128 	11738 	11993 	8807 b	8319 	7225 	10025 	10054 
A,TOTAL,GT10,TOTAL,THS_T,BG	: 	1005 	840 	917 	1093 	842 	763 	688 	1204 	1614 	1078 	1284 	1425 	1198 	1502 	1112 
A,TOTAL,GT10,TOTAL,THS_T,CZ	: 	35 	12 	23 	11 	23 	39 	47 	18 	34 	25 	14 	14 	5 	1 	1 
A,TOTAL,GT10,TOTAL,THS_T,DE	17422 	16200 	10069 	11663 	11858 	11207 	11180 	12066 	11839 	11395 	12258 	10465 	10096 	8545 	9411 	9200 
A,TOTAL,GT10,TOTAL,THS_T,EU15	: 	22359 	14002 	19788 	21160 	21565 	21998 	21347 	21374 	21311 	21999 	18997 	19536 	: 	: 	: 
A,TOTAL,GT10,TOTAL,THS_T,EU25	: 	22814 	14117 	20019 	21303 	21707 	22149 	21474 	21483 	21424 	22097 	19060 	19580 	: 	: 	: 
A,TOTAL,GT10,TOTAL,THS_T,EU27_2007	: 	24758 	15141 	20611 	22129 	22451 	22678 	21942 	22286 	22273 	22953 	20016 	20685 	: 	: 	: 
A,TOTAL,GT10,TOTAL,THS_T,EU27_2020	: 	24866 	15150 	20617 	22170 	22470 	22696 	21942 	22251 	22277 	22953 	19959 	20685 	18569 	23872 	22467 
A,TOTAL,GT10,TOTAL,THS_T,EU28	: 	24871 	15152 	20619 	22171 	22470 	22696 	21946 	22286 	22277 	22953 	20018 	20687 	: 	: 	: 
A,TOTAL,GT10,TOTAL,THS_T,FR	5739 	3728 	2172 	3034 	3016 	2748 	2953 	3029 	3144 	3946 	3343 	2825 	3229 	2456 	3049 	2819 
A,TOTAL,GT10,TOTAL,THS_T,HR	: 	985 	319 	521 	574 	427 	510 	390 	536 	784 	716 	678 	661 	694 	657 	707 
A,TOTAL,GT10,TOTAL,THS_T,HU	1563 	1272 	485 	778 	766 	622 	815 	649 	724 	890 	890 	812 	734 	690 	738 	795 
A,TOTAL,GT10,TOTAL,THS_T,IT	10 	6 	12 	89 	22 	5 	6 	32 	58 	55 	80 	99 	52 	172 	184 	190 
A,TOTAL,GT10,TOTAL,THS_T,LU	1036 	1016 	515 	727 	678 	654 	724 	747 	705 	723 	776 	585 	581 	478 	713 	526 
A,TOTAL,GT10,TOTAL,THS_T,NL	14180 	12596 	8373 	11227 	12705 	11809 	11543 	11604 	11998 	12004 	13428 	12370 	13307 	11867 	16786 	15383 
A,TOTAL,GT10,TOTAL,THS_T,PL	625 	383 	172 	239 	197 	169 	111 	56 	79 	88 	293 	356 	261 	132 	72 	33 
A,TOTAL,GT10,TOTAL,THS_T,RO	: 	1865 	1492 	1104 	1246 	1032 	912 	769 	1245 	1744 	1283 	1406 	1524 	1200 	1599 	1603 
A,TOTAL,GT10,TOTAL,THS_T,SK	: 	164 	53 	93 	121 	18 	23 	43 	42 	117 	115 	59 	93 	103 	83 	136 
A,TOTAL,GT10,TOTAL,THS_T,UK	24 	5 	3 	2 	1 	0 n	0 	4 	35 	0 	0 	59 	1 	: 	: 	: 
A,TOTAL,GT11,TOTAL,THS_T,AT	: 	52 	42 	50 	49 	50 	80 	75 	48 	34 	64 	30 	32 	31 	39 	32 
A,TOTAL,GT11,TOTAL,THS_T,BE	58 	29 	34 	84 	89 	155 	181 	176 	286 	346 	272 	303 b	740 	635 	943 	1096 
A,TOTAL,GT11,TOTAL,THS_T,BG	: 	49 	18 	14 	26 	13 	32 	38 	41 	22 	32 	58 	43 	79 	80 	42 
A,TOTAL,GT11,TOTAL,THS_T,CZ	: 	20 	18 	14 	11 	13 	11 	15 	12 	9 	8 	4 	3 	1 	3 	4 
A,TOTAL,GT11,TOTAL,THS_T,DE	758 	641 	731 	717 	731 	734 	721 	732 	746 	748 	771 	667 	786 	641 	871 	783 
A,TOTAL,GT11,TOTAL,THS_T,EU15	: 	643 	729 	790 	710 	634 	550 	655 	874 	833 	867 	803 	1554 	: 	: 	: 
A,TOTAL,GT11,TOTAL,THS_T,EU25	: 	664 	748 	842 	736 	656 	554 	663 	877 	839 	869 	805 	1557 	: 	: 	: 
A,TOTAL,GT11,TOTAL,THS_T,EU27_2007	: 	692 	743 	842 	731 	640 	570 	683 	899 	850 	894 	858 	1596 	: 	: 	: 
A,TOTAL,GT11,TOTAL,THS_T,EU27_2020	: 	691 	743 	843 	731 	640 	572 	680 	899 	850 	894 	858 	1596 	1324 	1462 	1513 
A,TOTAL,GT11,TOTAL,THS_T,EU28	: 	692 	743 	843 	731 	640 	572 	682 	899 	850 	894 	858 	1596 	: 	: 	: 
A,TOTAL,GT11,TOTAL,THS_T,FR	50 	65 	51 	67 	45 	41 	31 	39 	36 	26 	24 	24 	19 	14 	17 	26 
A,TOTAL,GT11,TOTAL,THS_T,HR	: 	56 	49 	54 	63 	63 	50 	40 	48 	53 	25 	40 	23 	37 	15 	25 
A,TOTAL,GT11,TOTAL,THS_T,HU	98 	78 	62 	65 	69 	65 	46 	44 	60 	71 	23 	41 	24 	38 	17 	27 
A,TOTAL,GT11,TOTAL,THS_T,IT	26 	23 	24 	7 	3 	1 	5 	0 n	3 	0 n	4 	3 	3 	0 	7 	13 
A,TOTAL,GT11,TOTAL,THS_T,LT	: 	: 	: 	: 	: 	: 	: 	: 	: 	: 	: 	: 	: 	: 	1 	: 
A,TOTAL,GT11,TOTAL,THS_T,LU	2 	52 	100 	91 	64 	50 	47 	64 	32 	1 	0 n	0 n	0 n	0 n	2 	0 n
A,TOTAL,GT11,TOTAL,THS_T,NL	474 	547 	388 	537 	502 	416 	382 	499 	534 	420 	553 	677 	1693 	1399 	1476 	1512 
A,TOTAL,GT11,TOTAL,THS_T,PL	11 	3 	3 	1 	2 	0 n	1 	7 	1 	5 	2 	2 	1 	1 	6 	5 
A,TOTAL,GT11,TOTAL,THS_T,RO	: 	20 	21 	27 	37 	33 	72 	44 	48 	32 	49 	62 	55 	102 	95 	64 
A,TOTAL,GT11,TOTAL,THS_T,SK	: 	10 	215 	60 	38 	35 	17 	1 	0 n	: 	: 	0 n	1 	: 	: 	: 
A,TOTAL,GT11,TOTAL,THS_T,UK	: 	1 	: 	: 	: 	: 	: 	3 	0 	0 	0 	0 	0 	: 	: 	: 
A,TOTAL,GT12,TOTAL,THS_T,AT	: 	77 	60 	69 	76 	45 	22 	26 	23 	26 	20 	24 	28 	27 	24 	28 
A,TOTAL,GT12,TOTAL,THS_T,BE	98 	78 	57 	242 	259 	80 	78 	128 	157 	195 	144 	94 b	146 	165 	177 	192 
A,TOTAL,GT12,TOTAL,THS_T,BG	: 	11 	33 	22 	33 	45 	24 	4 	3 	1 	1 	1 	1 	0 n	0 n	4 
A,TOTAL,GT12,TOTAL,THS_T,CZ	: 	5 	7 	5 	3 	2 	0 n	: 	: 	: 	: 	: 	: 	: 	: 	: 
A,TOTAL,GT12,TOTAL,THS_T,DE	1021 	892 	709 	849 	831 	902 	961 	1014 	1165 	1171 	1333 	1176 	1332 	1101 	879 	880 
A,TOTAL,GT12,TOTAL,THS_T,EU15	: 	732 	583 	868 	918 	634 	658 	832 	935 	1064 	932 	784 	763 	: 	: 	: 
A,TOTAL,GT12,TOTAL,THS_T,EU25	: 	736 	598 	875 	936 	654 	659 	831 	939 	1066 	935 	784 	763 	: 	: 	: 
A,TOTAL,GT12,TOTAL,THS_T,EU27_2007	: 	713 	603 	856 	926 	662 	682 	835 	939 	1063 	929 	779 	759 	: 	: 	: 
A,TOTAL,GT12,TOTAL,THS_T,EU27_2020	: 	712 	602 	854 	925 	662 	682 	835 	939 	1063 	929 	779 	759 	700 	565 	626 
A,TOTAL,GT12,TOTAL,THS_T,EU28	: 	713 	603 	856 	926 	662 	682 	835 	939 	1063 	929 	779 	759 	: 	: 	: 
A,TOTAL,GT12,TOTAL,THS_T,FR	92 	68 	19 	12 	18 	5 	6 	7 	7 	: 	: 	2 	0 n	: 	: 	: 
A,TOTAL,GT12,TOTAL,THS_T,HR	: 	140 	152 	120 	109 	49 	18 	20 	20 	32 	23 	19 	32 	30 	36 	32 
A,TOTAL,GT12,TOTAL,THS_T,HU	125 	143 	156 	143 	126 	66 	35 	37 	37 	48 	37 	33 	49 	43 	47 	48 
A,TOTAL,GT12,TOTAL,THS_T,IT	: 	: 	: 	: 	6 	12 	2 	0 	0 n	0 n	0 	0 	0 	0 	0 n	0 
A,TOTAL,GT12,TOTAL,THS_T,LU	: 	: 	0 n	0 n	: 	: 	0 n	0 n	0 n	: 	0 n	: 	0 n	: 	: 	: 
A,TOTAL,GT12,TOTAL,THS_T,NL	497 	503 	328 	491 	555 	454 	498 	783 	756 	867 	765 	655 	502 	446 	405 	465 
A,TOTAL,GT12,TOTAL,THS_T,PL	9 	11 	16 	3 	15 	: 	: 	: 	4 	5 	5 	2 	0 n	3 	: 	0 n
A,TOTAL,GT12,TOTAL,THS_T,RO	: 	29 	38 	22 	33 	43 	11 	4 	1 	0 n	0 n	: 	1 	: 	: 	: 
A,TOTAL,GT12,TOTAL,THS_T,SK	: 	0 n	0 n	1 	18 	39 	: 	: 	: 	: 	: 	: 	: 	: 	: 	: 
A,TOTAL,GT12,TOTAL,THS_T,UK	0 n	1 	1 	1 	2 	0 	0 	0 	0 	0 	0 	0 n	0 	: 	: 	: 
A,TOTAL,GT13,TOTAL,THS_T,AT	: 	: 	: 	: 	: 	4 	: 	: 	: 	: 	: 	: 	: 	: 	0 n	: 
A,TOTAL,GT13,TOTAL,THS_T,BE	14 	22 	46 	45 	49 	45 	38 	46 	25 	22 	3 	1 b	2 	1 	3 	2 
A,TOTAL,GT13,TOTAL,THS_T,BG	: 	: 	: 	: 	: 	: 	: 	: 	: 	: 	: 	1 	: 	: 	0 n	1 
A,TOTAL,GT13,TOTAL,THS_T,CZ	: 	4 	: 	: 	: 	: 	: 	: 	: 	: 	: 	: 	: 	: 	: 	: 
A,TOTAL,GT13,TOTAL,THS_T,DE	233 	181 	100 	126 	293 	316 	332 	508 	449 	284 	389 	335 	400 	491 	147 	131 
A,TOTAL,GT13,TOTAL,THS_T,EU15	: 	142 	106 	165 	356 	426 	376 	510 	453 	284 	385 	358 	405 	: 	: 	: 
A,TOTAL,GT13,TOTAL,THS_T,EU25	: 	141 	107 	165 	356 	429 	377 	507 	452 	284 	384 	358 	407 	: 	: 	: 
A,TOTAL,GT13,TOTAL,THS_T,EU27_2007	: 	138 	107 	165 	355 	428 	377 	507 	452 	284 	384 	358 	407 	: 	: 	: 
A,TOTAL,GT13,TOTAL,THS_T,EU27_2020	: 	138 	107 	165 	355 	428 	377 	507 	452 	284 	384 	358 	407 	356 	146 	130 
A,TOTAL,GT13,TOTAL,THS_T,EU28	: 	138 	107 	165 	355 	428 	377 	507 	452 	284 	384 	358 	407 	: 	: 	: 
A,TOTAL,GT13,TOTAL,THS_T,FR	4946 	0 n	: 	: 	: 	2 	1 	: 	: 	0 n	: 	0 n	: 	: 	: 	: 
A,TOTAL,GT13,TOTAL,THS_T,HR	: 	: 	0 n	0 n	0 n	10 	1 	0 n	: 	: 	: 	1 	: 	: 	: 	0 n
A,TOTAL,GT13,TOTAL,THS_T,HU	1 	: 	0 n	0 n	0 n	10 	1 	0 n	: 	: 	: 	1 	: 	: 	: 	: 
A,TOTAL,GT13,TOTAL,THS_T,IT	: 	: 	: 	: 	: 	0 	0 	0 	0 	0 	0 	0 	0 	0 	0 	0 
A,TOTAL,GT13,TOTAL,THS_T,NL	8 	19 	16 	53 	45 	121 	54 	54 	57 	37 	41 	41 	14 	19 	15 	17 
A,TOTAL,GT13,TOTAL,THS_T,PL	: 	: 	: 	: 	: 	3 	1 	: 	: 	: 	: 	: 	2 	: 	: 	: 
A,TOTAL,GT13,TOTAL,THS_T,SK	: 	: 	6 	: 	2 	: 	: 	: 	: 	: 	: 	: 	: 	: 	: 	: 
A,TOTAL,GT14,TOTAL,THS_T,AT	: 	19 	18 	41 	5 	4 	16 	35 	15 	14 	18 	8 	18 	13 	6 	5 
A,TOTAL,GT14,TOTAL,THS_T,BE	199 	219 	218 	341 	365 	104 	188 	470 	910 	1384 	1924 	1168 b	1064 	1206 	1604 	1467 
A,TOTAL,GT14,TOTAL,THS_T,BG	: 	13 	5 	20 	8 	107 	390 	236 	115 	105 	180 	161 	171 	229 	186 	113 
A,TOTAL,GT14,TOTAL,THS_T,CZ	: 	3 	41 	7 	51 	25 	59 	61 	80 	72 	60 	51 	99 	35 	27 	40 
A,TOTAL,GT14,TOTAL,THS_T,DE	12149 	11982 	11566 	13359 	11823 	12184 	12078 	12265 	11133 	11227 	11840 	11402 	11359 	11504 	11017 	9180 
A,TOTAL,GT14,TOTAL,THS_T,EU15	: 	13942 	11527 	14556 	14868 	12305 	13173 	14346 	12582 	13730 	14021 	13803 	12916 	: 	: 	: 
A,TOTAL,GT14,TOTAL,THS_T,EU25	: 	14113 	11625 	14640 	14970 	12427 	13611 	14543 	13123 	14027 	14252 	13995 	13153 	: 	: 	: 
A,TOTAL,GT14,TOTAL,THS_T,EU27_2007	: 	14359 	11656 	14630 	15715 	12535 	13929 	14746 	13222 	14095 	14700 	14567 	13350 	: 	: 	: 
A,TOTAL,GT14,TOTAL,THS_T,EU27_2020	: 	13699 	11067 	14107 	15223 	11777 	12265 	12780 	12448 	12699 	13581 	13711 	13350 	14286 	14138 	12291 
A,TOTAL,GT14,TOTAL,THS_T,EU28	: 	14359 	11656 	14630 	15715 	12535 	13929 	14746 	13222 	14095 	14700 	14567 	13350 	: 	: 	: 
A,TOTAL,GT14,TOTAL,THS_T,FR	1394 	1871 	2064 	2618 	2832 	2805 	2589 	2801 	2532 	3282 	2082 	2083 	1812 	1626 	1702 	1418 
A,TOTAL,GT14,TOTAL,THS_T,HR	: 	19 	36 	102 	87 	56 	86 	76 	43 	69 	62 	56 	104 	126 	80 	51 
A,TOTAL,GT14,TOTAL,THS_T,HU	17 	20 	43 	122 	102 	58 	92 	76 	44 	69 	63 	56 	104 	126 	82 	53 
A,TOTAL,GT14,TOTAL,THS_T,IT	: 	: 	: 	: 	4 	0 	0 	0 	0 	0 	0 	0 	0 	0 	4 	2 
A,TOTAL,GT14,TOTAL,THS_T,LU	820 	1166 	855 	986 	1068 	1034 	971 	962 	810 	630 	776 	650 	746 	886 	1019 	540 
A,TOTAL,GT14,TOTAL,THS_T,NL	5982 	5501 	5488 	8312 	8729 	4588 	4422 	5630 	4777 	5275 	5071 	5411 	5120 	6014 	6137 	5784 
A,TOTAL,GT14,TOTAL,THS_T,PL	: 	338 	102 	150 	172 	191 	395 	163 	603 	280 	209 	145 	128 	48 	94 	36 
A,TOTAL,GT14,TOTAL,THS_T,RO	: 	238 	62 	97 	817 	160 	395 	278 	148 	114 	552 	646 	266 	303 	330 	189 
A,TOTAL,GT14,TOTAL,THS_T,SK	: 	1 	: 	18 	29 	21 	: 	: 	: 	: 	: 	: 	: 	: 	19 	: 
A,TOTAL,GT14,TOTAL,THS_T,UK	892 	660 	589 	522 	493 	758 	1664 	1966 	774 	1396 	1119 	855 	0 	: 	: 	: 
A,TOTAL,GT15,TOTAL,THS_T,BE	: 	: 	: 	: 	: 	: 	: 	: 	0 n	: 	: 	: 	: 	: 	: 	: 
A,TOTAL,GT15,TOTAL,THS_T,BG	: 	: 	0 n	1 	: 	: 	: 	: 	: 	: 	: 	: 	: 	: 	: 	: 
A,TOTAL,GT15,TOTAL,THS_T,CZ	: 	: 	: 	1 	: 	1 	: 	: 	: 	: 	: 	: 	: 	: 	: 	: 
A,TOTAL,GT15,TOTAL,THS_T,DE	: 	: 	: 	: 	: 	: 	: 	: 	: 	: 	: 	: 	0 n	: 	: 	: 
A,TOTAL,GT15,TOTAL,THS_T,EU15	: 	: 	: 	: 	: 	0 	0 	0 	0 n	0 	0 	0 	0 n	: 	: 	: 
A,TOTAL,GT15,TOTAL,THS_T,EU25	: 	: 	: 	1 	: 	0 	0 	0 	0 n	0 	0 	0 	0 n	: 	: 	: 
A,TOTAL,GT15,TOTAL,THS_T,EU27_2007	: 	0 n	0 n	1 	: 	0 	0 	0 	0 n	0 	0 	0 	0 n	: 	: 	: 
A,TOTAL,GT15,TOTAL,THS_T,EU27_2020	: 	0 n	0 n	1 	: 	0 	0 	0 	0 n	0 	0 	0 	0 n	0 	0 	0 
A,TOTAL,GT15,TOTAL,THS_T,EU28	: 	0 n	0 n	1 	: 	0 	0 	0 	0 n	0 	0 	0 	0 n	: 	: 	: 
A,TOTAL,GT15,TOTAL,THS_T,IT	: 	: 	: 	: 	: 	0 	0 	0 	0 	0 	0 	0 	0 	0 	0 	0 
A,TOTAL,GT15,TOTAL,THS_T,RO	: 	0 n	0 n	1 	0 n	: 	: 	: 	: 	: 	1 	: 	: 	: 	: 	: 
A,TOTAL,GT16,TOTAL,THS_T,AT	: 	14 	13 	5 	5 	7 	11 	4 	7 	10 	17 	10 	8 	8 	9 	3 
A,TOTAL,GT16,TOTAL,THS_T,BE	12122 	11871 	5833 	3738 	4000 	720 	1176 	2163 	13024 	16102 	17193 	1237 b	1376 	1413 	1320 	988 
A,TOTAL,GT16,TOTAL,THS_T,BG	: 	0 n	7 	8 	16 	7 	2 	4 	4 	4 	2 	3 	3 	3 	2 	5 
A,TOTAL,GT16,TOTAL,THS_T,CZ	: 	8 	1 	: 	: 	: 	: 	: 	: 	: 	: 	: 	: 	: 	: 	: 
A,TOTAL,GT16,TOTAL,THS_T,DE	1406 	1374 	1516 	1757 	1394 	1422 	1394 	1637 	1690 	1640 	1666 	1578 	1451 	1347 	1361 	1148 
A,TOTAL,GT16,TOTAL,THS_T,EU15	: 	12396 	7649 	6048 	5897 	4649 	4663 	5963 	15663 	18739 	19790 	4863 	4580 	: 	: 	: 
A,TOTAL,GT16,TOTAL,THS_T,EU25	: 	12394 	7650 	6050 	5907 	4653 	4673 	5968 	15666 	18741 	19794 	4865 	4582 	: 	: 	: 
A,TOTAL,GT16,TOTAL,THS_T,EU27_2007	: 	12398 	7654 	6055 	5916 	4657 	4672 	5970 	15667 	18746 	19796 	4865 	4582 	: 	: 	: 
A,TOTAL,GT16,TOTAL,THS_T,EU27_2020	: 	12398 	7654 	6055 	5916 	4657 	4672 	5970 	15667 	18746 	19796 	4865 	4582 	4702 	4707 	4395 
A,TOTAL,GT16,TOTAL,THS_T,EU28	: 	12398 	7654 	6055 	5916 	4657 	4672 	5970 	15667 	18746 	19796 	4865 	4582 	: 	: 	: 
A,TOTAL,GT16,TOTAL,THS_T,FR	296 	261 	306 	330 	374 	376 	313 	337 	354 	353 	354 	332 	342 	376 	392 	404 
A,TOTAL,GT16,TOTAL,THS_T,HR	: 	: 	: 	2 	10 	3 	8 	5 	3 	4 	2 	2 	2 	3 	2 	5 
A,TOTAL,GT16,TOTAL,THS_T,HU	0 n	0 n	: 	4 	11 	4 	10 	5 	4 	10 	16 	9 	9 	11 	14 	8 
A,TOTAL,GT16,TOTAL,THS_T,IT	: 	: 	: 	: 	46 	170 	70 	80 	140 	154 	175 	95 	100 	299 	347 	399 
A,TOTAL,GT16,TOTAL,THS_T,LU	0 n	: 	: 	: 	: 	0 n	: 	1 	8 	9 	9 	12 	11 	16 	13 	9 
A,TOTAL,GT16,TOTAL,THS_T,NL	2865 	3077 	3294 	3660 	3531 	4487 	4337 	4573 	4396 	3913 	3915 	3804 	3094 	3040 	3163 	3121 
A,TOTAL,GT16,TOTAL,THS_T,PL	: 	: 	1 	: 	: 	: 	: 	: 	0 n	: 	0 n	0 n	0 n	: 	0 n	: 
A,TOTAL,GT16,TOTAL,THS_T,RO	: 	8 	7 	10 	18 	8 	2 	6 	2 	8 	5 	3 	4 	2 	3 	20 
A,TOTAL,GT16,TOTAL,THS_T,SE	: 	: 	: 	: 	: 	: 	: 	: 	: 	: 	: 	: 	: 	: 	: 	2 
A,TOTAL,GT16,TOTAL,THS_T,SK	: 	9 	59 	17 	1 	: 	2 	3 	0 n	1 	: 	: 	: 	: 	1 	: 
A,TOTAL,GT17,TOTAL,THS_T,AT	: 	: 	: 	: 	: 	5 	11 	8 	7 	5 	6 	19 	5 	14 	15 	12 
A,TOTAL,GT17,TOTAL,THS_T,BE	154 	5 	: 	1 	1 	: 	: 	0 n	1 	1 	2 	: 	: 	: 	: 	: 
A,TOTAL,GT17,TOTAL,THS_T,BG	: 	: 	: 	: 	: 	: 	0 n	: 	: 	: 	: 	: 	: 	: 	: 	: 
A,TOTAL,GT17,TOTAL,THS_T,DE	2 	2 	3 	4 	3 	1 	2 	4 	1 	1 	1 	0 n	1 	0 n	1 	1 
A,TOTAL,GT17,TOTAL,THS_T,EU15	: 	29 	31 	1 	3 	123 	92 	412 	326 	328 	229 	126 	24 	: 	: 	: 
A,TOTAL,GT17,TOTAL,THS_T,EU25	: 	29 	31 	1 	3 	123 	92 	412 	326 	328 	229 	126 	24 	: 	: 	: 
A,TOTAL,GT17,TOTAL,THS_T,EU27_2007	: 	29 	31 	1 	3 	123 	94 	413 	326 	328 	229 	126 	24 	: 	: 	: 
A,TOTAL,GT17,TOTAL,THS_T,EU27_2020	: 	29 	31 	1 	3 	123 	94 	413 	326 	328 	229 	126 	24 	18 	55 	89 
A,TOTAL,GT17,TOTAL,THS_T,EU28	: 	29 	31 	1 	3 	123 	94 	413 	326 	328 	229 	126 	24 	: 	: 	: 
A,TOTAL,GT17,TOTAL,THS_T,FR	: 	6 	2 	3 	3 	1 	8 	18 	11 	28 	19 	8 	2 	2 	: 	: 
A,TOTAL,GT17,TOTAL,THS_T,IT	: 	: 	: 	: 	: 	0 	0 	0 	0 	0 	0 	0 	0 	0 	0 	0 
A,TOTAL,GT17,TOTAL,THS_T,NL	30 	27 	34 	: 	: 	122 	89 	413 	327 	330 	215 	127 	24 	17 	54 	87 
A,TOTAL,GT17,TOTAL,THS_T,RO	: 	: 	: 	: 	: 	: 	5 	1 	: 	: 	: 	: 	: 	: 	: 	: 
A,TOTAL,GT18,TOTAL,THS_T,BE	2 	13 	: 	: 	: 	: 	: 	: 	1 	0 n	: 	: 	: 	: 	: 	: 
A,TOTAL,GT18,TOTAL,THS_T,BG	: 	: 	5 	14 	: 	: 	: 	: 	: 	: 	: 	: 	: 	: 	: 	14 
A,TOTAL,GT18,TOTAL,THS_T,CZ	: 	0 n	: 	0 n	: 	1 	1 	0 n	: 	: 	: 	: 	: 	: 	: 	: 
A,TOTAL,GT18,TOTAL,THS_T,DE	: 	: 	: 	: 	7 	: 	: 	0 n	0 n	0 n	10 	0 n	421 	51 	103 	79 
A,TOTAL,GT18,TOTAL,THS_T,EU15	: 	3066 	3190 	2285 	2281 	2339 	2489 	3171 	2996 	2839 	3130 	3073 	4010 	: 	: 	: 
A,TOTAL,GT18,TOTAL,THS_T,EU25	: 	3065 	3188 	2282 	2280 	2334 	2487 	3164 	2995 	2838 	3128 	3069 	4010 	: 	: 	: 
A,TOTAL,GT18,TOTAL,THS_T,EU27_2007	: 	3065 	3187 	2284 	2280 	2334 	2486 	3162 	2995 	2836 	3128 	3069 	4010 	: 	: 	: 
A,TOTAL,GT18,TOTAL,THS_T,EU27_2020	: 	3065 	3187 	2284 	2280 	2334 	2486 	3149 	2995 	2836 	3128 	3054 	4009 	3036 	2526 	2397 
A,TOTAL,GT18,TOTAL,THS_T,EU28	: 	3065 	3187 	2284 	2280 	2334 	2486 	3162 	2995 	2836 	3128 	3069 	4009 	: 	: 	: 
A,TOTAL,GT18,TOTAL,THS_T,HR	: 	15 	2 	6 	12 	5 	17 	: 	0 n	: 	: 	: 	: 	: 	: 	: 
A,TOTAL,GT18,TOTAL,THS_T,HU	34 	16 	2 	6 	14 	5 	18 	: 	0 n	: 	: 	: 	: 	: 	: 	: 
A,TOTAL,GT18,TOTAL,THS_T,IT	: 	: 	: 	: 	: 	0 	0 	0 	0 	0 	0 	0 	0 	0 	0 	0 n
A,TOTAL,GT18,TOTAL,THS_T,NL	5344 	5933 	5797 	3323 	3266 	4557 	4736 	5798 	5356 	5429 	5617 	5417 	6241 	4647 	4283 	3394 
A,TOTAL,GT18,TOTAL,THS_T,RO	: 	2 	124 	134 	116 	39 	1 	3 	1 	7 	: 	: 	: 	: 	: 	54 
A,TOTAL,GT18,TOTAL,THS_T,SK	: 	: 	: 	: 	: 	: 	0 n	: 	: 	: 	: 	: 	: 	: 	: 	: 
A,TOTAL,GT18,TOTAL,THS_T,UK	: 	: 	: 	: 	: 	: 	: 	13 	0 	0 	0 	15 	0 	: 	: 	: 
A,TOTAL,GT19,TOTAL,THS_T,AT	: 	171 	166 	165 	134 	107 	113 	62 	61 	63 	78 	39 	44 	38 	22 	11 
A,TOTAL,GT19,TOTAL,THS_T,BE	14603 	12936 	16515 	39731 	42512 	65159 	64666 	68746 	57198 	56646 	58572 	74815 b	75760 	78713 	82293 	77959 
A,TOTAL,GT19,TOTAL,THS_T,BG	: 	14 	105 	148 	119 	44 	3 	1 	2 	0 n	: 	: 	0 n	1 	44 	21 
A,TOTAL,GT19,TOTAL,THS_T,CZ	: 	: 	: 	: 	: 	: 	1 	0 n	: 	: 	0 n	: 	: 	: 	: 	: 
A,TOTAL,GT19,TOTAL,THS_T,DE	10315 	10106 	11745 	13881 	13842 	13495 	13443 	14195 	13715 	14961 	15246 	13828 	13401 	13519 	13688 	12128 
A,TOTAL,GT19,TOTAL,THS_T,EU15	: 	30952 	35260 	53147 	54752 	69714 	68795 	74197 	63748 	61975 	64389 	77605 	84705 	: 	: 	: 
A,TOTAL,GT19,TOTAL,THS_T,EU25	: 	30952 	35259 	53145 	54750 	69707 	68789 	74194 	63746 	61957 	64381 	77592 	84695 	: 	: 	: 
A,TOTAL,GT19,TOTAL,THS_T,EU27_2007	: 	31028 	35358 	53292 	54856 	69748 	68787 	74193 	63742 	62026 	64435 	77591 	84698 	: 	: 	: 
A,TOTAL,GT19,TOTAL,THS_T,EU27_2020	: 	30995 	35318 	52433 	54668 	69437 	67412 	72861 	62449 	60663 	62962 	76672 	78552 	82909 	83907 	79147 
A,TOTAL,GT19,TOTAL,THS_T,EU28	: 	31026 	35360 	53292 	54856 	69748 	68787 	74193 	63742 	62026 	64435 	77591 	84696 	: 	: 	: 
A,TOTAL,GT19,TOTAL,THS_T,FR	: 	4348 	4769 	5291 	5222 	5456 	5399 	5574 	5096 	5510 	6202 	5184 	5201 	4785 	4682 	4663 
A,TOTAL,GT19,TOTAL,THS_T,HR	: 	: 	3 	: 	: 	: 	: 	: 	: 	: 	: 	: 	: 	: 	0 n	: 
A,TOTAL,GT19,TOTAL,THS_T,IT	0 n	34 	1 	1 	0 	0 	0 	0 	0 	0 	0 	0 	0 	0 	0 	0 n
A,TOTAL,GT19,TOTAL,THS_T,LU	: 	: 	: 	: 	: 	: 	: 	16 	123 	109 	114 	94 	126 	180 	158 	108 
A,TOTAL,GT19,TOTAL,THS_T,NL	33876 	32453 	26819 	38290 	39987 	37890 	38680 	40660 	39646 	41671 	44329 	42621 	44847 	46225 	47061 	42174 
A,TOTAL,GT19,TOTAL,THS_T,PL	: 	6 	: 	0 n	: 	: 	: 	: 	0 n	: 	: 	: 	: 	: 	: 	: 
A,TOTAL,GT19,TOTAL,THS_T,RO	: 	89 	121 	160 	126 	51 	3 	3 	1 	72 	57 	: 	4 	: 	54 	243 
A,TOTAL,GT19,TOTAL,THS_T,SE	: 	: 	: 	: 	: 	: 	: 	: 	: 	288 d	: 	686 d	614 d	904 d	1 d	86 
A,TOTAL,GT19,TOTAL,THS_T,SK	: 	: 	0 n	: 	: 	: 	: 	: 	: 	: 	: 	: 	: 	: 	: 	: 
A,TOTAL,GT19,TOTAL,THS_T,UK	4 	31 	42 	859 	188 	311 	1375 	1332 	1294 	1363 	1473 	919 	6143 	: 	: 	: 
A,TOTAL,GT20,TOTAL,THS_T,BE	10 	2 	18 	2663 	2850 	85 	78 	127 	557 	1141 	1124 	192 b	728 	515 	227 	200 
A,TOTAL,GT20,TOTAL,THS_T,BG	: 	11 	2 	6 	1 	1 	10 	0 n	: 	5 	13 	15 	5 	4 	4 	0 n
A,TOTAL,GT20,TOTAL,THS_T,CZ	: 	3 	3 	3 	2 	1 	3 	2 	1 	2 	2 	0 n	1 	0 n	0 n	3 
A,TOTAL,GT20,TOTAL,THS_T,DE	2882 	2719 	: 	: 	24 	18 	9 	6 	7 	9 	8 	5 	12 	11 	10 	42 
A,TOTAL,GT20,TOTAL,THS_T,EU15	: 	989 	8 	1710 	1852 	121 	63 	74 	407 	754 	733 	123 	598 	: 	: 	: 
A,TOTAL,GT20,TOTAL,THS_T,EU25	: 	1002 	17 	1736 	1886 	142 	130 	75 	407 	754 	734 	123 	598 	: 	: 	: 
A,TOTAL,GT20,TOTAL,THS_T,EU27_2007	: 	1050 	18 	1723 	1871 	134 	80 	76 	407 	755 	740 	124 	599 	: 	: 	: 
A,TOTAL,GT20,TOTAL,THS_T,EU27_2020	: 	1050 	18 	1723 	1871 	134 	80 	76 	407 	755 	740 	124 	599 	406 	182 	213 
A,TOTAL,GT20,TOTAL,THS_T,EU28	: 	1050 	18 	1723 	1871 	134 	80 	76 	407 	755 	740 	124 	599 	: 	: 	: 
A,TOTAL,GT20,TOTAL,THS_T,FR	: 	: 	: 	: 	: 	: 	: 	: 	: 	: 	: 	3 	: 	: 	: 	: 
A,TOTAL,GT20,TOTAL,THS_T,HR	: 	3 	4 	18 	17 	9 	61 	: 	: 	: 	: 	: 	: 	: 	: 	: 
A,TOTAL,GT20,TOTAL,THS_T,HU	30 	14 	25 	32 	37 	61 	118 	: 	: 	: 	: 	: 	0 n	: 	: 	: 
A,TOTAL,GT20,TOTAL,THS_T,IT	: 	: 	: 	: 	6 	59 	0 	0 	7 	13 	11 	11 	0 	0 	0 	0 n
A,TOTAL,GT20,TOTAL,THS_T,LU	14 	7 	10 	10 	12 	8 	5 	4 	9 	6 	5 	4 	4 	3 	10 	6 
A,TOTAL,GT20,TOTAL,THS_T,PL	2 	: 	: 	: 	: 	: 	: 	: 	: 	: 	: 	: 	: 	: 	: 	: 
A,TOTAL,GT20,TOTAL,THS_T,RO	: 	40 	3 	3 	2 	1 	12 	6 	: 	: 	: 	: 	: 	: 	: 	0 n
A,TOTAL,GT20,TOTAL,THS_T,SE	: 	: 	: 	: 	: 	: 	: 	: 	: 	: 	: 	: 	: 	: 	1 d	: 
A,TOTAL,GT20,TOTAL,THS_T,SK	: 	5586 	4442 	5415 	4597 	4959 	5286 	4801 	3876 	4677 	4912 	4229 	4895 	4313 	4125 	3181 
A,TOTAL,TOTAL,TOTAL,THS_T,AT	12107 	11209 	9322 	11052 	9943 	10714 	10710 	10122 	8599 	9071 	9620 	7202 	8512 	8247 	8271 	6374 
A,TOTAL,TOTAL,TOTAL,THS_T,BE	134647 	130350 	108243 	161594 	172906 	190288 	187404 	190303 	188158 	192938 	201129 	151972 b	155695 	156131 	166160 	163023 
A,TOTAL,TOTAL,TOTAL,THS_T,BG	6622 	10956 	17104 	18372 	14448 	16378 	16726 	16922 	17201 	17467 	16247 	15462 	18449 	18924 	18093 	12548 
A,TOTAL,TOTAL,TOTAL,THS_T,CZ	1141 	752 	804 	833 	911 	838 	608 	802 	850 	832 	510 	390 	779 	397 	344 	317 
A,TOTAL,TOTAL,TOTAL,THS_T,DE	248966 	245674 	203868 	229607 	221966 	223170 	226864 	228489 	221369 	221349 	222731 	197904 	205066 	188022 	195093 	182448 
A,TOTAL,TOTAL,TOTAL,THS_T,EU15	504661 	489905 	427582 	502313 	510520 	512325 	512958 	522227 	513339 	519117 	526119 	478167 	488122 	: 	: 	: 
A,TOTAL,TOTAL,TOTAL,THS_T,EU25	512219 	497108 	433230 	509091 	515382 	517301 	518399 	530928 	522220 	526396 	532786 	483831 	494391 	: 	: 	: 
A,TOTAL,TOTAL,TOTAL,THS_T,EU27_2007	544661 	529828 	450575 	532038 	538864 	539641 	539867 	553632 	545566 	550380 	555822 	508073 	521930 	: 	: 	: 
A,TOTAL,TOTAL,TOTAL,THS_T,EU27_2020	541283 	526653 	447626 	528927 	535692 	536256 	534825 	548214 	541699 	546952 	552032 	504818 	515828 	497331 	517086 	489436 
A,TOTAL,TOTAL,TOTAL,THS_T,EU28	544824 	530343 	450896 	532383 	539171 	539949 	540076 	553903 	545765 	550756 	556099 	508284 	522274 	: 	: 	: 
A,TOTAL,TOTAL,TOTAL,THS_T,FI	472 	335 	253 	303 	340 	471 	476 	509 	503 	412 	: 	: 	527 	512 	579 	721 
A,TOTAL,TOTAL,TOTAL,THS_T,FR	76004 	72807 	67998 	72747 	67656 	68542 	68059 	65139 	62808 	65189 	63253 	59529 	64207 	55979 	57109 	53201 
A,TOTAL,TOTAL,TOTAL,THS_T,HR	1467 	6416 	5381 	6928 	5184 	5934 	5823 	5377 	6642 	6409 	6221 	5182 	6491 	7077 	6548 	4626 
A,TOTAL,TOTAL,TOTAL,THS_T,HU	8410 	8829 	7745 	9952 	7175 	8135 	7857 	7825 	8163 	8224 	8414 	6926 	8592 	8803 	8022 	5921 
A,TOTAL,TOTAL,TOTAL,THS_T,IT	695 	498 	443 	1259 	1224 	655 	762 	481 	379 	407 	434 	355 	288 	859 	980 	990 
A,TOTAL,TOTAL,TOTAL,THS_T,LT	126 	146 	74 	98 	95 	89 	36 	47 	68 	52 	15 	13 	12 	9 	148 	303 
A,TOTAL,TOTAL,TOTAL,THS_T,LU	9999 	10984 	8172 	10467 	8956 	8506 	8987 	8390 	7106 	6075 	6157 	5741 	6433 	5755 	6221 	5652 
A,TOTAL,TOTAL,TOTAL,THS_T,NL	351650 	342946 	288317 	346901 	345469 	343030 	348426 	357738 	349717 	354587 	359356 	349480 	347714 	335892 	357594 	345479 
A,TOTAL,TOTAL,TOTAL,THS_T,PL	6444 	6101 	3374 	2820 	3143 	2574 	3185 	5899 	5036 	3911 	3604 	3126 	2870 	2517 	2075 	918 
A,TOTAL,TOTAL,TOTAL,THS_T,RO	29425 	30295 	24743 	32088 	29396 	27946 	26858 	27834 	30020 	30484 	29043 	29714 	33261 	30518 	32120 	28620 
A,TOTAL,TOTAL,TOTAL,THS_T,SE	: 	: 	: 	: 	: 	: 	: 	: 	: 	288 d	324 d	686 d	614 d	904 d	2033 d	2455 
A,TOTAL,TOTAL,TOTAL,THS_T,SK	8013 	8371 	7823 	10103 	8211 	8242 	8107 	7010 	5721 	6758 	6896 	5567 	6430 	6004 	6013 	5174 
A,TOTAL,TOTAL,TOTAL,THS_T,UK	3540 	3689 	3270 	3456 	3478 	3693 	5252 	5689 	4065 	3804 	4067 	3466 	6446 	: 	: 	: 
